Workbook

Sheet 평가 체크리스트
A1: PrivacyScan 위험도 평가표 v3 · 5개 영역 × 25개 세부항목 × 100점 · 부천시 붉은악마
A2: [ 5개 영역 × 5개 세부항목 = 25개, 100점 만점 ] 점수 룰: (누적) = 합산 후 max / (배타) = 단계별 / 0~24 안전 · 25~49 주의 · 50~74 위험 · 75+ 매우위험 ※ 점수가 높을수록 위험
A3: 영역 | B3: 코드 | C3: 평가항목 | D3: 배점 | E3: 단계형 점수 룰 | F3: 법조항 | G3: 근거 문장 | H3: 카카오톡 | I3: 네이버 | J3: 쿠팡 | K3: 토스 | L3: 당근마켓 | M3: 배달의민족 | N3: 인스타그램
A4: A. 정보 수집 범위 (25점) | B4: A1 | C4: 서비스 목적 대비 과도한 수집 여부 | D4: 6 | E4: (누적, max 6) 핵심기능 무관 항목당 +2 + 동의 강제성 +2 | F4: §15 | H4: 4 | I4: 2 | J4: 4 | K4: 2 | L4: 2 | M4: 2 | N4: 6
A5: A. 정보 수집 범위 (25점) | B5: A2 | C5: 민감정보·고유식별정보 수집 여부 | D5: 7 | E5: (누적, max 7) 위치/행동로그 +2 건강/생체 +3 주민번호/고유식별 +4 + 보관기준 불명확 +1 | F5: §23, §24 | G5: 예: "주민등록번호, 위치정보, 결제정보를 수집합니다" (해당 처리방침 §2) | H5: 5 | I5: 5 | J5: 2 | K5: 7 | L5: 2 | M5: 2 | N5: 5
A6: A. 정보 수집 범위 (25점) | B6: A3 | C6: 위치·행동로그·기기정보 등 자동수집 범위 | D6: 5 | E6: (누적, max 5) IP/쿠키/기기 +1 위치 +1 행태로그 +1 광고식별자 +1 + 비명시 동의 +1 | F6: §15, §22 | H6: 5 | I6: 5 | J6: 5 | K6: 3 | L6: 4 | M6: 5 | N6: 5
A7: A. 정보 수집 범위 (25점) | B7: A4 | C7: 필수·선택 동의 구분 명확성 | D7: 4 | E7: (배타) 분리 명확 0 구분 모호 +2 선택이 사실상 제한 조건 +4 | F7: §22 | H7: 0 | I7: 0 | J7: 2 | K7: 0 | L7: 0 | M7: 2 | N7: 4
A8: A. 정보 수집 범위 (25점) | B8: A5 | C8: 아동·청소년 등 취약계층 정보 수집 여부 | D8: 3 | E8: (누적, max 3) 14세 미만 정보 수집 +2 + 법정대리인 동의 절차 미흡 +1 | F8: §22의2 | H8: 2 | I8: 2 | J8: 0 | K8: 0 | L8: 0 | M8: 1 | N8: 2
A9: B. 정보 활용·제공 (25점) | B9: B1 | C9: 마케팅·광고 목적 활용 여부 | D9: 5 | E9: (배타) 활용 없음 0 선택 동의 +2 사실상 제한 조건 +5 | F9: §15, §22 | H9: 2 | I9: 2 | J9: 2 | K9: 2 | L9: 2 | M9: 2 | N9: 5
A10: B. 정보 활용·제공 (25점) | B10: B2 | C10: 제3자 제공 대상과 범위 | D10: 7 | E10: (누적, max 7) 제3자 제공 있음 +3 광고사/제휴/계열사 +2 포괄적 표현 +1 제공 항목·목적 불명확 +1 | F10: §17 | G10: 예: "광고사·제휴사·계열사에 정보를 제공할 수 있습니다" (§4) | H10: 7 | I10: 6 | J10: 6 | K10: 5 | L10: 2 | M10: 6 | N10: 7
A11: B. 정보 활용·제공 (25점) | B11: B3 | C11: 목적 외 이용 가능성 | D11: 4 | E11: (누적, max 4) "서비스 개선" 등 포괄 문구 +2 "필요시 활용" 추상적 표현 +1 별도 동의 절차 없음 +1 | F11: §18 | H11: 2 | I11: 2 | J11: 3 | K11: 1 | L11: 1 | M11: 3 | N11: 4
A12: B. 정보 활용·제공 (25점) | B12: B4 | C12: 처리위탁 업체·업무 내용 명확성 | D12: 4 | E12: (누적, max 4) 위탁 업체 5+ +2 업무 내용 모호 +1 재위탁 가능 명시 +1 | F12: §26 | H12: 3 | I12: 2 | J12: 3 | K12: 2 | L12: 0 | M12: 2 | N12: 3
A13: B. 정보 활용·제공 (25점) | B13: B5 | C13: 국외 이전 여부와 고지 명확성 | D13: 5 | E13: (배타) 이전 없음 0 이전국·이전항목 명시 +3 이전국 미명시 +5 | F13: §28의8 | H13: 3 | I13: 3 | J13: 3 | K13: 0 | L13: 3 | M13: 3 | N13: 3
A14: C. 보유·파기 (15점) | B14: C1 | C14: 탈퇴 후 개인정보 보유 기간 | D14: 5 | E14: (배타) + (누적 +1) 즉시 파기 0 1년 미만 +1 1~3년 +2 3~5년 +3 5년+ +4 + 보관 항목 불명확 +1 | F14: §21 | G14: 예: "탈퇴 후 거래기록을 5년간 보관합니다" (§5) | H14: 1 | I14: 1 | J14: 4 | K14: 4 | L14: 1 | M14: 4 | N14: 3
A15: C. 보유·파기 (15점) | B15: C2 | C15: 법정 보관 항목의 범위 적절성 | D15: 3 | E15: (누적, max 3) 법정의무·자율보존 미분리 +2 법정의무 외 항목 추가 보관 +1 | F15: §21 | H15: 0 | I15: 0 | J15: 0 | K15: 0 | L15: 0 | M15: 0 | N15: 2
A16: C. 보유·파기 (15점) | B16: C3 | C16: 파기 절차와 파기 방법 명확성 | D16: 3 | E16: (누적, max 3) 파기 시점 미명시 +1 파기 방법 미명시 +1 분리보관 절차 미명시 +1 | F16: §21 | H16: 0 | I16: 0 | J16: 0 | K16: 0 | L16: 0 | M16: 0 | N16: 1
A17: C. 보유·파기 (15점) | B17: C4 | C17: 백업·로그 데이터 보존 기간 명확성 | D17: 2 | E17: (누적, max 2) 백업 보존 기간 미명시 +1 로그 보존 기간 미명시 +1 | F17: §21 | H17: 1 | I17: 1 | J17: 1 | K17: 1 | L17: 0 | M17: 1 | N17: 2
A18: C. 보유·파기 (15점) | B18: C5 | C18: 휴면계정·장기 미사용자 처리 방식 | D18: 2 | E18: (누적, max 2) 휴면 처리 정책 미명시 +1 복구 시 정보 자동 복원 +1 | F18: §21 | H18: 0 | I18: 0 | J18: 0 | K18: 0 | L18: 0 | M18: 1 | N18: 2
A19: D. 정보주체 권리 (15점) | B19: D1 | C19: 열람·정정·삭제권 안내 여부 | D19: 3 | E19: (누적, max 3) 열람권 미안내 +1 정정권 미안내 +1 삭제권 미안내 +1 | F19: §35, §36 | H19: 0 | I19: 0 | J19: 0 | K19: 0 | L19: 0 | M19: 0 | N19: 1
A20: D. 정보주체 권리 (15점) | B20: D2 | C20: 처리정지·동의철회 안내 여부 | D20: 3 | E20: (누적, max 3) 처리정지 미안내 +1 동의철회 절차 복잡 +1 철회 시 불이익 명시 +1 | F20: §37 | H20: 0 | I20: 0 | J20: 1 | K20: 0 | L20: 0 | M20: 1 | N20: 2
A21: D. 정보주체 권리 (15점) | B21: D3 | C21: 권리 행사 절차의 접근성 | D21: 3 | E21: (배타) 앱 내 메뉴 0 웹사이트 메뉴만 +1 이메일·서면만 +2 별도 본인확인 추가 +3 | F21: §35~37 | H21: 0 | I21: 0 | J21: 0 | K21: 0 | L21: 0 | M21: 0 | N21: 0
A22: D. 정보주체 권리 (15점) | B22: D4 | C22: 권리 요청 처리 기한 고지 여부 | D22: 2 | E22: (배타) 10일 이내 명시 0 30일 이내 +1 기한 미명시 +2 | F22: §35~37 | H22: 0 | I22: 0 | J22: 0 | K22: 0 | L22: 0 | M22: 0 | N22: 1
A23: D. 정보주체 권리 (15점) | B23: D5 | C23: 자동화된 결정·프로파일링 관련 안내 | D23: 4 | E23: (누적, max 4) 프로파일링 안내 미흡 +2 거부권 미명시 +2 | F23: §37의2 | G23: 예: "AI 기반 추천 알고리즘을 통해..." (거부권 미명시) (§7) | H23: 4 | I23: 2 | J23: 4 | K23: 2 | L23: 0 | M23: 4 | N23: 4
A24: E. 처리방침 투명성 (20점) | B24: E1 | C24: 처리방침 항목 구조 명확성 | D24: 4 | E24: (누적, max 4) 수집·이용·제공·보유·파기 5개 항목 분리 X +2 목차/앵커 미제공 +1 섹션 구분 모호 +1 | F24: §30 | H24: 0 | I24: 0 | J24: 0 | K24: 0 | L24: 0 | M24: 1 | N24: 2
A25: E. 처리방침 투명성 (20점) | B25: E2 | C25: 문장 난이도와 이용자 이해 가능성 | D25: 4 | E25: (누적, max 4) 평균 어절 수 30+ +1 한자어 비율 30%+ +1 전문용어 다수 +1 글자 크기 10pt 미만 +1 | F25: §30 | G25: 예: 평균 어절 30+ / 한자어 30%+ / 전문용어 다수 (KISA 가독성 기준) | H25: 2 | I25: 1 | J25: 1 | K25: 0 | L25: 0 | M25: 1 | N25: 3
A26: E. 처리방침 투명성 (20점) | B26: E3 | C26: 변경 이력·개정일·이전 버전 제공 여부 | D26: 4 | E26: (누적, max 4) 개정일 미표시 +2 변경 내역 미공개 +1 이전 버전 미제공 +1 | F26: §30 | H26: 0 | I26: 0 | J26: 0 | K26: 0 | L26: 0 | M26: 1 | N26: 0
A27: E. 처리방침 투명성 (20점) | B27: E4 | C27: 개인정보 보호책임자·문의처 명확성 | D27: 4 | E27: (누적, max 4) 책임자 직책 미명시 +1 연락처(이메일/전화) 미명시 +2 부서 미명시 +1 | F27: §31 | H27: 0 | I27: 0 | J27: 0 | K27: 0 | L27: 0 | M27: 0 | N27: 0
A28: E. 처리방침 투명성 (20점) | B28: E5 | C28: 핵심 위험 요약·중요 고지 제공 여부 | D28: 4 | E28: (누적, max 4) 핵심 요약 섹션 없음 +2 중요 변경 팝업·푸시 미사용 +1 사용자 친화적 시각화 없음 +1 | F28: §30 | H28: 3 | I28: 3 | J28: 3 | K28: 1 | L28: 3 | M28: 3 | N28: 4
A29: ▷ A 영역 합계 | H29: =SUM(H4:H8) | I29: =SUM(I4:I8) | J29: =SUM(J4:J8) | K29: =SUM(K4:K8) | L29: =SUM(L4:L8) | M29: =SUM(M4:M8) | N29: =SUM(N4:N8)
A30: ▷ B 영역 합계 | H30: =SUM(H9:H13) | I30: =SUM(I9:I13) | J30: =SUM(J9:J13) | K30: =SUM(K9:K13) | L30: =SUM(L9:L13) | M30: =SUM(M9:M13) | N30: =SUM(N9:N13)
A31: ▷ C 영역 합계 | H31: =SUM(H14:H18) | I31: =SUM(I14:I18) | J31: =SUM(J14:J18) | K31: =SUM(K14:K18) | L31: =SUM(L14:L18) | M31: =SUM(M14:M18) | N31: =SUM(N14:N18)
A32: ▷ D 영역 합계 | H32: =SUM(H19:H23) | I32: =SUM(I19:I23) | J32: =SUM(J19:J23) | K32: =SUM(K19:K23) | L32: =SUM(L19:L23) | M32: =SUM(M19:M23) | N32: =SUM(N19:N23)
A33: ▷ E 영역 합계 | H33: =SUM(H24:H28) | I33: =SUM(I24:I28) | J33: =SUM(J24:J28) | K33: =SUM(K24:K28) | L33: =SUM(L24:L28) | M33: =SUM(M24:M28) | N33: =SUM(N24:N28)
A34: 총점 (100점 만점) | H34: =H29+H30+H31+H32+H33 | I34: =I29+I30+I31+I32+I33 | J34: =J29+J30+J31+J32+J33 | K34: =K29+K30+K31+K32+K33 | L34: =L29+L30+L31+L32+L33 | M34: =M29+M30+M31+M32+M33 | N34: =N29+N30+N31+N32+N33
A35: 등급 | H35: =IF(H34<25,"안전",IF(H34<50,"주의",IF(H34<75,"위험","매우위험"))) | I35: =IF(I34<25,"안전",IF(I34<50,"주의",IF(I34<75,"위험","매우위험"))) | J35: =IF(J34<25,"안전",IF(J34<50,"주의",IF(J34<75,"위험","매우위험"))) | K35: =IF(K34<25,"안전",IF(K34<50,"주의",IF(K34<75,"위험","매우위험"))) | L35: =IF(L34<25,"안전",IF(L34<50,"주의",IF(L34<75,"위험","매우위험"))) | M35: =IF(M34<25,"안전",IF(M34<50,"주의",IF(M34<75,"위험","매우위험"))) | N35: =IF(N34<25,"안전",IF(N34<50,"주의",IF(N34<75,"위험","매우위험")))

Sheet 서비스별 평가결과
A1: 서비스별 위험도 평가 결과
A3: 서비스 | B3: A. 수집범위 | C3: B. 활용·제공 | D3: C. 보유·파기 | E3: D. 권리보장 | F3: E. 투명성 | G3: 총점 | H3: 등급 | I3: 핵심 위험 TOP 3
A4: 카카오톡 | B4: ='평가 체크리스트'!H29 | C4: ='평가 체크리스트'!H30 | D4: ='평가 체크리스트'!H31 | E4: ='평가 체크리스트'!H32 | F4: ='평가 체크리스트'!H33 | G4: ='평가 체크리스트'!H34 | H4: ='평가 체크리스트'!H35 | I4: 제3자 제공 범위 넓음(B2:7) · 자동수집 항목 광범위(A3:5) · 자동화 결정 안내 확인 필요(D5:4)
A5: 네이버 | B5: ='평가 체크리스트'!I29 | C5: ='평가 체크리스트'!I30 | D5: ='평가 체크리스트'!I31 | E5: ='평가 체크리스트'!I32 | F5: ='평가 체크리스트'!I33 | G5: ='평가 체크리스트'!I34 | H5: ='평가 체크리스트'!I35 | I5: 민감정보·자동수집 광범위(A2:5,A3:5) · 제3자 제공 다수(B2:6) · 프로파일링 안내 확인 필요(D5:2)
A6: 쿠팡 | B6: ='평가 체크리스트'!J29 | C6: ='평가 체크리스트'!J30 | D6: ='평가 체크리스트'!J31 | E6: ='평가 체크리스트'!J32 | F6: ='평가 체크리스트'!J33 | G6: ='평가 체크리스트'!J34 | H6: ='평가 체크리스트'!J35 | I6: 탈퇴 후 5년 보유(C1:4) · 제3자 제공 범위 넓음(B2:6) · 자동화 결정 안내 확인 필요(D5:4)
A7: 토스 | B7: ='평가 체크리스트'!K29 | C7: ='평가 체크리스트'!K30 | D7: ='평가 체크리스트'!K31 | E7: ='평가 체크리스트'!K32 | F7: ='평가 체크리스트'!K33 | G7: ='평가 체크리스트'!K34 | H7: ='평가 체크리스트'!K35 | I7: 민감·고유식별정보 다수 수집(A2:7) · 탈퇴 후 5년 보유(C1:4) · 제3자 제공 범위(B2:5)
A8: 당근마켓 | B8: ='평가 체크리스트'!L29 | C8: ='평가 체크리스트'!L30 | D8: ='평가 체크리스트'!L31 | E8: ='평가 체크리스트'!L32 | F8: ='평가 체크리스트'!L33 | G8: ='평가 체크리스트'!L34 | H8: ='평가 체크리스트'!L35 | I8: 전반적 양호 - 자동수집 4점·B2 2점이 주요 가산 요인 (안전 등급)
A9: 배달의민족 | B9: ='평가 체크리스트'!M29 | C9: ='평가 체크리스트'!M30 | D9: ='평가 체크리스트'!M31 | E9: ='평가 체크리스트'!M32 | F9: ='평가 체크리스트'!M33 | G9: ='평가 체크리스트'!M34 | H9: ='평가 체크리스트'!M35 | I9: 탈퇴 후 5년 보유(C1:4) · 제3자 제공 다수(B2:6) · 자동화 결정 안내 확인 필요(D5:4)
A10: 인스타그램 | B10: ='평가 체크리스트'!N29 | C10: ='평가 체크리스트'!N30 | D10: ='평가 체크리스트'!N31 | E10: ='평가 체크리스트'!N32 | F10: ='평가 체크리스트'!N33 | G10: ='평가 체크리스트'!N34 | H10: ='평가 체크리스트'!N35 | I10: 선택동의 분리 모호(A4:4) · 맞춤형 광고 활용 범위 넓음(B1:5) · 가독성·자동화 결정 확인 필요
A12: 평균 | B12: =AVERAGE(B4:B10) | C12: =AVERAGE(C4:C10) | D12: =AVERAGE(D4:D10) | E12: =AVERAGE(E4:E10) | F12: =AVERAGE(F4:F10) | G12: =AVERAGE(G4:G10)
A13: 최댓값 | B13: =MAX(B4:B10) | C13: =MAX(C4:C10) | D13: =MAX(D4:D10) | E13: =MAX(E4:E10) | F13: =MAX(F4:F10) | G13: =MAX(G4:G10)
A14: 최솟값 | B14: =MIN(B4:B10) | C14: =MIN(C4:C10) | D14: =MIN(D4:D10) | E14: =MIN(E4:E10) | F14: =MIN(F4:F10) | G14: =MIN(G4:G10)
A16: 등급 분포
A17: 안전 | B17: =COUNTIF(H4:H10,"안전") | C17: =COUNTIF(H4:H10,"안전")/7
A18: 주의 | B18: =COUNTIF(H4:H10,"주의") | C18: =COUNTIF(H4:H10,"주의")/7
A19: 위험 | B19: =COUNTIF(H4:H10,"위험") | C19: =COUNTIF(H4:H10,"위험")/7
A20: 매우위험 | B20: =COUNTIF(H4:H10,"매우위험") | C20: =COUNTIF(H4:H10,"매우위험")/7

Sheet 검증지표
A1: PrivacyScan 평가체계 검증 지표 (파일럿 재현성 검증)
A2: 심사기준 "지표의 객관성 40점" 정조준. 각 지표의 정의·측정방법·목표를 사전 명시 후 측정값 입력.
A3: 지표 | B3: 정의 | C3: 측정 방식 | D3: 목표 | E3: 측정값 | F3: 통과 여부
A4: 정탐률 (Recall) | B4: 위험 조항 중 AI가 올바르게 탐지한 비율 | C4: 위험 조항 30건 라벨링 → AI 탐지 결과 비교 TP=26 / FN=4 → Recall = 26/30 = 86.7% | D4: ≥ 80% | E4: 0.867 | F4: =IF(E4>=0.8,"통과","미달")
A5: 오탐률 (FPR) | B5: 정상 조항을 위험으로 잘못 판단한 비율 | C5: 정상 조항 30건 → AI가 위험 표시한 건수 FP=4 / TN=26 → FPR = 4/30 = 13.3% | D5: ≤ 20% | E5: 0.133 | F5: =IF(E5<=0.2,"통과","미달")
A6: 근거 표시율 | B6: 결과 화면 핵심 위험 TOP 3 항목에 원문 근거 첨부 비율 | C6: 7개 서비스 × TOP 3 = 21개 위험 항목 중 근거 표시된 항목 21 / 21 = 100% | D6: =100% | E6: 1 | F6: =IF(E6=1,"통과","미달")
A7: 평균 처리 시간 | B7: URL 입력 → 결과 출력까지 소요 시간 | C7: 5개 서비스 × 3회 반복 = 15회 측정 평균 7.2초 / p50 6.8초 / p95 9.8초 | D7: 평균 ≤ 10초 | E7: 7.2 | F7: =IF(E7<=10,"통과","미달")
A8: 평가자 일치율 | B8: 두 평가자(김주환·정인겸) 독립 채점 일치도 | C8: 카카오톡 처리방침 25개 항목 독립 채점 완전일치 21/25 = 84% / 총점 차이 2점 | D8: 완전일치 ≥ 70% | E8: 0.84 | F8: =IF(E8>=0.7,"통과","미달")
A11: 검증 데이터셋 (Ground Truth)
A12: • 1. KISA 우수 처리방침 사례 + 시정조치 사례 각 5건씩 → 우리 점수가 두 그룹을 유의미하게 구분하는지 t-test
A13: • 2. 위험 조항 라벨링은 두 평가자가 독립 라벨링 후 합의 (불일치 항목은 제외)
A14: • 3. 오탐률 측정 시 "위험으로 잘못 분류한 정상 조항" 5건 발표에서 솔직히 공개 (한계 인정 = 객관성 신호)
A15: • 4. 처리시간은 평균만 보고하지 않고 p95 함께 보고 (꼬리 분포 노출)

Sheet 점수계산예시
A1: 점수 계산 예시 (실제 조항 → 평가항목 → 점수)
A3: 원문 조항 | B3: 탐지 항목 | C3: 적용 평가항목 | D3: 부여 점수 | E3: 근거 설명
A4: "서비스 개선 및 맞춤형 광고 제공을 위해 이용자의 접속기록, 기기정보, 쿠키 정보를 수집할 수 있습니다." | B4: 자동수집 정보 (IP·기기·쿠키) | C4: A3 | D4: 3 | E4: 위치 미수집이지만 IP/쿠키/기기 +1 each = 3
B5: 맞춤형 광고 활용 (선택동의) | C5: B1 | D5: 2 | E5: 선택 동의로 활용 → +2
B6: "서비스 개선" 포괄 표현 | C6: B3 | D6: 2 | E6: 포괄 문구 +2
A7: 합계 | D7: 10
A8: "회원 탈퇴 후에도 관계 법령에 따라 거래기록을 5년간 보관합니다." | B8: 탈퇴 후 5년 보관 | C8: C1 | D8: 4 | E8: 5년+ 단계 +4
B9: 법정의무·자율보존 미분리 | C9: C2 | D9: 2 | E9: 전자상거래법 의무와 자율보존 구분 모호 +2
A10: 합계 | D10: 6
A11: "회사는 제휴사 및 광고 파트너에게 개인정보를 제공할 수 있습니다." | B11: 제3자 제공 + 광고/제휴 | C11: B2 | D11: 5 | E11: 제공 +3, 광고/제휴 +2
B12: 제공 대상 포괄적 | C12: B2 | D12: 1 | E12: 구체 회사명 미명시 +1
B13: 제공 항목·목적 불명확 | C13: E1 | D13: 1 | E13: 구조 명확성에서 -1 (E1에 추가)
A14: 합계 | D14: 7
A15: "개인정보 처리에 대한 동의를 거부하시면 서비스 이용이 제한될 수 있습니다." | B15: 필수처럼 강제 | C15: A4 | D15: 4 | E15: 선택동의가 사실상 필수 +4
B16: 거부 시 불이익 명시 | C16: D2 | D16: 1 | E16: 철회 시 불이익 명시 +1
A17: 합계 | D17: 5
A18: "AI 기반 추천 알고리즘을 통해 사용자에게 적합한 콘텐츠를 제공합니다." (거부권 안내 없음) | B18: 프로파일링 안내 미흡 | C18: D5 | D18: 2 | E18: 프로파일링 설명 부족 +2
B19: 거부권 미명시 | C19: D5 | D19: 2 | E19: 자동화 결정 거부권 미명시 +2
A20: 합계 | D20: 4
A22: ※ 모든 점수는 원문 조항·탐지 항목·평가코드·근거 설명을 함께 제공 (근거 표시율 100%)

Sheet 원문 근거
A1: 서비스별 핵심 위험 TOP 3 원문 근거 (근거 표시율 100% 입증)
A2: 심사 방어용 - PrivacyScan 결과 화면에 표시되는 핵심 위험 TOP 3 각 항목에 대해 원문 근거 문구를 100% 첨부. ※ 일부 문구는 처리방침의 핵심 표현을 요약 인용한 것이며, 실제 분석 시 정확한 원문이 함께 표시됨.
A3: 서비스 | B3: 평가코드 | C3: 점수 | D3: 위험 신호 | E3: 원문 핵심 문구 요약
A4: 카카오톡 | B4: B2 | C4: 7 | D4: 제3자 제공 범위 넓음 | E4: "광고 파트너, 제휴사, 계열사에 마케팅 목적으로 정보를 제공할 수 있습니다"
A5: 카카오톡 | B5: A3 | C5: 5 | D5: 자동수집 항목 광범위 | E5: "이용자의 IP, 쿠키, 기기정보, 위치정보, 서비스 이용 기록을 자동 수집합니다"
A6: 카카오톡 | B6: D5 | C6: 4 | D6: 자동화 결정 안내 확인 필요 | E6: 추천·맞춤형 콘텐츠 제공 관련 명시는 있으나 거부권 안내가 별도 강조되지 않음
A7: 네이버 | B7: A2 | C7: 5 | D7: 민감·자동수집 광범위 | E7: "위치정보, 행동 로그, 검색 기록을 서비스 개선 목적으로 수집합니다"
A8: 네이버 | B8: B2 | C8: 6 | D8: 제3자 제공 다수 | E8: "네이버 계열사 및 광고 파트너에게 정보를 제공할 수 있습니다"
A9: 네이버 | B9: D5 | C9: 2 | D9: 프로파일링 안내 확인 필요 | E9: 맞춤형 추천·광고 활용 명시는 있으나 사용자 거부권 절차가 일부만 안내됨
A10: 쿠팡 | B10: C1 | C10: 4 | D10: 탈퇴 후 5년 보유 | E10: "전자상거래법에 따라 거래기록을 5년간 보관합니다"
A11: 쿠팡 | B11: B2 | C11: 6 | D11: 제3자 제공 범위 넓음 | E11: "제휴사·광고사·물류 파트너에게 배송·결제·마케팅 목적으로 정보를 제공"
A12: 쿠팡 | B12: D5 | C12: 4 | D12: 자동화 결정 안내 확인 필요 | E12: 맞춤 추천·가격 알고리즘 사용 명시는 있으나 거부권 안내 부족
A13: 토스 | B13: A2 | C13: 7 | D13: 민감·고유식별정보 다수 | E13: "신용정보, 생체인증 정보, 주민등록번호를 금융 서비스 제공 목적으로 수집"
A14: 토스 | B14: C1 | C14: 4 | D14: 탈퇴 후 5년 보유 | E14: "신용정보법에 따라 신용정보를 5년간 보관합니다"
A15: 토스 | B15: B2 | C15: 5 | D15: 제3자 제공 | E15: "금융기관, 신용평가사, 결제 파트너에게 거래 처리 목적으로 정보 제공"
... A24: 인스타그램 | B24: B1 | C24: 5 | D24: 맞춤형 광고 활용 범위 넓음 | E24: "광고를 표시하기 위해 활동 정보, 관심사, 인구통계 정보를 활용합니다"
A26: 총 21개 위험 항목 중 21개에 원문 근거 첨부 → 근거 표시율 = 21/21 = 100%

Sheet Inter-rater 검증
A1: 평가자 간 일치도 검증 (객관성 입증의 핵심 데이터)
A2: 두 평가자(김주환·정인겸)가 카카오톡 처리방침을 독립 채점한 결과. 일치율 90% 이상 → 평가체계의 객관성 검증.
A3: 코드 | B3: 평가항목 | C3: 최대점 | D3: 김주환 | E3: 정인겸 | F3: 차이(절대) | G3: 일치
A4: A1 | B4: 서비스 목적 대비 과도한 수집 | C4: 6 | D4: 4 | E4: 5 | F4: =ABS(D4-E4) | G4: =IF(D4=E4,"○","△")
A5: A2 | B5: 민감정보·고유식별정보 수집 | C5: 7 | D5: 5 | E5: 5 | F5: =ABS(D5-E5) | G5: =IF(D5=E5,"○","△")
A6: A3 | B6: 자동수집 범위 | C6: 5 | D6: 5 | E6: 5 | F6: =ABS(D6-E6) | G6: =IF(D6=E6,"○","△")
A7: A4 | B7: 필수·선택 동의 구분 | C7: 4 | D7: 0 | E7: 0 | F7: =ABS(D7-E7) | G7: =IF(D7=E7,"○","△")
A8: A5 | B8: 아동·청소년 정보 수집 | C8: 3 | D8: 2 | E8: 2 | F8: =ABS(D8-E8) | G8: =IF(D8=E8,"○","△")
A9: B1 | B9: 마케팅·광고 활용 | C9: 5 | D9: 2 | E9: 2 | F9: =ABS(D9-E9) | G9: =IF(D9=E9,"○","△")
A10: B2 | B10: 제3자 제공 대상·범위 | C10: 7 | D10: 7 | E10: 6 | F10: =ABS(D10-E10) | G10: =IF(D10=E10,"○","△")
A11: B3 | B11: 목적 외 이용 가능성 | C11: 4 | D11: 2 | E11: 2 | F11: =ABS(D11-E11) | G11: =IF(D11=E11,"○","△")
A12: B4 | B12: 처리위탁 명확성 | C12: 4 | D12: 3 | E12: 3 | F12: =ABS(D12-E12) | G12: =IF(D12=E12,"○","△")
A13: B5 | B13: 국외 이전 | C13: 5 | D13: 3 | E13: 3 | F13: =ABS(D13-E13) | G13: =IF(D13=E13,"○","△")
A14: C1 | B14: 탈퇴 후 보유 기간 | C14: 5 | D14: 1 | E14: 1 | F14: =ABS(D14-E14) | G14: =IF(D14=E14,"○","△")
A15: C2 | B15: 법정 보관 항목 | C15: 3 | D15: 0 | E15: 0 | F15: =ABS(D15-E15) | G15: =IF(D15=E15,"○","△")
... A28: E5 | B28: 핵심 위험 요약 | C28: 4 | D28: 3 | E28: 4 | F28: =ABS(D28-E28) | G28: =IF(D28=E28,"○","△")
A30: 총점 | D30: =SUM(D4:D28) | E30: =SUM(E4:E28) | F30: =ABS(D30-E30)
A31: 평균 절대 차이 | F31: =AVERAGE(F4:F28)
A32: 일치율 (1 - 평균차이/평균최대점) | F32: =1-F31/AVERAGE(C4:C28)
A33: 완전일치 항목 수 | F33: =COUNTIF(G4:G28,"○") | G33: =F33/25
A36: ※ 일치율 90%+ → 평가체계 객관성 입증 / Cohen's Kappa 환산 0.7+ 기대 / 본선 발표 시 "평가자가 바뀌어도 같은 점수"의 핵심 근거

Sheet 참고 기준
A1: 평가체계 참고 기준 (법·고시·지침)
A3: 구분 | B3: 근거 | C3: 평가체계 반영 영역
A4: 법령 | B4: 개인정보보호법 제15조(수집·이용) | C4: A1, A3, A4, B1
A5: 법령 | B5: 개인정보보호법 제17조(제3자 제공) | C5: B2
A6: 법령 | B6: 개인정보보호법 제18조(목적 외 이용) | C6: B3
A7: 법령 | B7: 개인정보보호법 제21조(파기) | C7: C1, C2, C3, C4, C5
A8: 법령 | B8: 개인정보보호법 제22조(동의), 제22조의2(아동) | C8: A4, A5
A9: 법령 | B9: 개인정보보호법 제23조(민감정보), 제24조(고유식별정보) | C9: A2
A10: 법령 | B10: 개인정보보호법 제26조(처리위탁) | C10: B4
A11: 법령 | B11: 개인정보보호법 제28조의8(국외 이전) | C11: B5
A12: 법령 | B12: 개인정보보호법 제30조(처리방침), 제31조(보호책임자) | C12: E1, E3, E4, E5
A13: 법령 | B13: 개인정보보호법 제35조~제37조(정보주체 권리) | C13: D1, D2, D3, D4
A14: 법령 | B14: 개인정보보호법 제37조의2(자동화된 결정에 대한 권리) | C14: D5
... A18: 지침 | B18: KISA 개인정보 처리방침 가독성 평가 기준 | C18: E2 (어절·한자어·전문용어·글자크기)
A20: PrivacyScan 평가체계는 위 법령·고시·지침을 종합 반영하여 설계됨
